37063,37135,37183
2,2,2
2,2,2
2,2,2
2,2,2
2,2,2
2,2,2
2,2,2
2,2,2
2,2,2
2,2,2
2,2,2
2,2,2
2,2,2
2,2,2
2,2,2
2,2,2
2,2,2
2,2,2
2,2,2
2,2,2
2,2,2
2,2,2
2,2,2
2,2,2
2,2,2
2,2,2
2,2,2
2,2,2
2,2,2
2,2,2
2,2,2
2,2,2
2,2,2
2,2,2
2,2,2
2,2,2
2,2,2
2,2,2
2,2,2
2,2,2
2,2,2
2,2,2
2,2,2
2,2,2
2,2,2
2,2,2
2,2,2
2,2,2
2,2,2
2,2,2
2,2,2
2,2,2
2,2,2
2,2,2
2,2,2
2,2,2
2,2,2
2,2,2
2,3,2
2,3,2
2,3,2
2,3,2
2,3,2
2,3,2
2,3,2
2,3,2
2,3,2
2,3,2
2,3,2
2,3,2
2,3,2
2,3,2
2,3,2
2,3,2
2,3,2
2,3,2
2,3,2
2,3,2
2,3,2
2,3,2
2,3,2
2,3,2
2,3,2
2,3,2
2,3,2
2,4,2
2,4,2
2,4,2
2,4,2
2,4,2
2,4,2
2,4,2
2,5,2
2,5,2
2,5,2
2,5,2
2,5,2
2,5,2
2,5,2
2,5,2
2,5,2
2,5,2
2,5,2
2,5,2
2,5,2
2,5,2
2,6,2
2,6,2
2,6,2
2,6,2
2,6,2
2,6,2
2,6,2
2,6,2
2,6,2
2,6,2
2,6,2
2,7,2
2,7,2
2,7,2
3,7,2
3,7,2
3,7,2
3,7,2
3,7,2
3,7,2
3,8,2
3,8,2
3,8,2
3,8,2
3,8,2
3,8,2
3,8,2
3,8,2
3,8,2
3,9,2
3,9,2
3,9,2
3,9,2
3,9,2
3,9,2
3,9,2
3,9,2
3,9,2
3,9,2
3,9,2
3,10,2
3,10,2
3,10,2
3,10,2
3,10,2
3,10,2
3,10,2
3,10,2
3,10,2
3,11,2
3,11,2
3,11,2
3,11,2
3,11,2
3,11,2
3,12,2
3,12,2
3,12,2
3,12,2
3,12,2
3,12,2
3,12,2
3,12,2
4,13,2
4,13,2
4,14,2
4,14,2
4,14,2
4,15,2
4,15,2
4,15,2
4,15,2
4,15,2
4,15,2
4,15,2
4,16,2
4,16,2
4,16,2
4,16,2
4,17,2
4,17,2
4,17,2
4,18,2
4,18,2
4,18,2
4,18,2
4,18,2
4,19,2
4,20,2
4,21,2
5,21,2
5,21,2
5,22,2
5,22,2
5,22,2
5,23,2
5,23,2
5,23,2
5,23,2
5,24,2
5,25,2
5,25,2
5,27,2
5,28,2
5,29,2
5,29,2
5,30,2
5,31,2
5,35,2
5,35,2
5,35,2
5,35,2
5,35,2
6,38,2
6,39,2
6,39,2
6,41,2
6,42,2
6,42,2
6,43,2
6,44,2
6,45,2
6,45,2
6,46,2
6,47,2
7,52,2
7,53,2
7,56,2
7,57,2
7,58,2
7,58,2
7,65,2
7,67,2
7,71,2
7,74,2
8,75,2
8,77,2
8,79,2
8,80,2
8,83,2
8,83,2
8,83,2
8,102,2
8,107,2
8,110,2
8,112,2
8,125,2
8,129,2
8,137,2
8,138,2
8,161,2
8,198,2
8,202,2
9,254,2
9,259,2
9,297,2
9,314,2
9,350,2
9,363,2
9,404,2
9,,2
9,,2
10,,2
10,,2
10,,2
10,,2
10,,2
10,,2
10,,2
10,,2
10,,2
10,,2
10,,2
10,,2
11,,2
11,,2
11,,2
11,,2
11,,2
11,,2
11,,2
12,,2
12,,2
12,,2
12,,2
12,,2
12,,2
12,,2
12,,2
13,,2
13,,2
14,,2
14,,2
14,,2
14,,2
14,,2
14,,2
14,,2
14,,2
15,,2
15,,2
15,,2
16,,2
16,,2
16,,2
16,,2
16,,2
16,,2
16,,2
17,,2
17,,2
17,,2
17,,2
17,,2
17,,2
17,,2
17,,2
17,,2
18,,2
18,,2
18,,2
18,,2
18,,2
18,,2
19,,2
19,,2
19,,2
20,,2
20,,2
20,,2
20,,2
20,,2
20,,2
21,,2
21,,2
21,,2
21,,2
22,,2
22,,2
22,,2
22,,2
22,,2
23,,2
23,,2
23,,2
23,,2
24,,2
24,,2
24,,2
24,,2
24,,2
24,,2
24,,2
25,,2
25,,2
25,,2
25,,2
25,,2
26,,2
26,,2
26,,2
26,,2
26,,2
26,,2
27,,2
27,,2
27,,2
27,,2
28,,2
28,,2
29,,2
29,,2
29,,2
30,,2
30,,2
30,,2
30,,2
30,,2
30,,2
30,,2
30,,2
31,,2
31,,2
31,,2
31,,2
31,,2
32,,2
32,,2
32,,2
32,,2
32,,2
33,,2
33,,2
33,,2
33,,2
34,,2
35,,2
35,,2
35,,2
35,,2
35,,2
35,,2
36,,2
37,,2
37,,2
38,,2
38,,2
38,,2
39,,2
39,,2
39,,2
39,,2
39,,2
39,,2
40,,2
41,,2
41,,2
42,,2
44,,2
45,,2
46,,2
47,,2
48,,2
50,,2
53,,2
54,,2
54,,2
54,,2
55,,2
55,,2
55,,2
55,,2
56,,2
58,,2
60,,2
60,,2
62,,2
63,,2
63,,2
64,,2
64,,2
66,,2
67,,2
67,,2
67,,2
70,,2
70,,2
70,,2
71,,2
71,,2
74,,2
74,,2
78,,2
78,,2
79,,2
79,,2
79,,2
80,,2
80,,2
84,,2
85,,2
85,,2
87,,2
88,,2
89,,2
91,,2
94,,2
97,,2
98,,2
98,,2
100,,2
101,,2
102,,2
104,,2
105,,2
105,,2
106,,2
106,,2
106,,2
107,,2
107,,2
111,,2
112,,2
112,,2
113,,2
113,,2
115,,2
116,,2
117,,2
118,,2
120,,2
120,,2
120,,2
121,,2
121,,2
125,,2
125,,2
126,,2
126,,2
130,,2
130,,2
131,,2
132,,2
132,,2
138,,2
140,,2
141,,2
142,,2
151,,2
159,,2
162,,2
165,,2
168,,2
169,,2
172,,2
180,,2
193,,2
194,,2
198,,2
202,,2
203,,2
212,,2
214,,2
216,,2
218,,2
220,,2
222,,2
226,,2
226,,2
238,,2
239,,2
252,,2
257,,2
257,,2
262,,2
283,,2
317,,2
361,,2
427,,2
428,,2
435,,2
436,,3
446,,3
458,,3
460,,3
473,,3
476,,3
483,,3
539,,3
634,,3
645,,3
690,,3
852,,3
1045,,3
1107,,3
1692,,3
,,3
,,3
,,3
,,3
,,3
,,3
,,3
,,3
,,3
,,3
,,3
,,3
,,3
,,3
,,3
,,3
,,3
,,3
,,3
,,3
,,3
,,3
,,3
,,3
,,3
,,3
,,3
,,3
,,3
,,3
,,3
,,3
,,3
,,3
,,3
,,3
,,3
,,3
,,3
,,3
,,3
,,3
,,3
,,3
,,3
,,3
,,3
,,3
,,3
,,3
,,3
,,3
,,3
,,3
,,3
,,3
,,3
,,3
,,3
,,3
,,3
,,3
,,3
,,3
,,3
,,3
,,3
,,3
,,3
,,3
,,3
,,3
,,3
,,3
,,3
,,3
,,3
,,3
,,3
,,3
,,3
,,3
,,3
,,3
,,3
,,3
,,3
,,3
,,3
,,3
,,3
,,3
,,3
,,3
,,3
,,3
,,3
,,3
,,3
,,3
,,3
,,3
,,3
,,3
,,3
,,3
,,3
,,3
,,3
,,3
,,3
,,3
,,3
,,3
,,3
,,3
,,3
,,3
,,3
,,3
,,3
,,3
,,3
,,3
,,3
,,3
,,3
,,3
,,3
,,3
,,3
,,3
,,3
,,3
,,3
,,3
,,3
,,3
,,3
,,3
,,3
,,3
,,3
,,3
,,3
,,3
,,3
,,3
,,3
,,3
,,3
,,3
,,3
,,3
,,3
,,3
,,3
,,3
,,3
,,3
,,3
,,3
,,3
,,3
,,3
,,3
,,3
,,3
,,3
,,3
,,3
,,3
,,3
,,3
,,3
,,3
,,3
,,3
,,3
,,3
,,3
,,3
,,3
,,3
,,3
,,3
,,3
,,3
,,3
,,3
,,3
,,3
,,3
,,4
,,4
,,4
,,4
,,4
,,4
,,4
,,4
,,4
,,4
,,4
,,4
,,4
,,4
,,4
,,4
,,4
,,4
,,4
,,4
,,4
,,4
,,4
,,4
,,4
,,4
,,4
,,4
,,4
,,4
,,4
,,4
,,4
,,4
,,4
,,4
,,4
,,4
,,4
,,4
,,4
,,4
,,4
,,4
,,4
,,4
,,4
,,4
,,4
,,4
,,4
,,4
,,4
,,4
,,4
,,4
,,4
,,4
,,4
,,4
,,4
,,4
,,4
,,4
,,4
,,4
,,4
,,4
,,4
,,4
,,4
,,4
,,4
,,4
,,4
,,4
,,4
,,4
,,4
,,4
,,4
,,4
,,4
,,4
,,4
,,4
,,4
,,4
,,4
,,4
,,4
,,4
,,4
,,4
,,4
,,4
,,4
,,4
,,4
,,4
,,4
,,4
,,4
,,4
,,4
,,4
,,4
,,4
,,4
,,4
,,4
,,4
,,4
,,4
,,4
,,4
,,4
,,4
,,4
,,4
,,4
,,4
,,4
,,4
,,4
,,4
,,4
,,4
,,4
,,4
,,4
,,4
,,4
,,4
,,4
,,4
,,4
,,4
,,4
,,4
,,4
,,4
,,5
,,5
,,5
,,5
,,5
,,5
,,5
,,5
,,5
,,5
,,5
,,5
,,5
,,5
,,5
,,5
,,5
,,5
,,5
,,5
,,5
,,5
,,5
,,5
,,5
,,5
,,5
,,5
,,5
,,5
,,5
,,5
,,5
,,5
,,5
,,5
,,5
,,5
,,5
,,5
,,5
,,5
,,5
,,5
,,5
,,5
,,5
,,5
,,5
,,5
,,5
,,5
,,5
,,5
,,5
,,5
,,5
,,5
,,5
,,5
,,5
,,5
,,5
,,5
,,5
,,5
,,5
,,5
,,5
,,5
,,5
,,5
,,5
,,5
,,5
,,5
,,5
,,5
,,5
,,5
,,5
,,5
,,5
,,5
,,5
,,5
,,5
,,5
,,5
,,5
,,5
,,5
,,5
,,5
,,5
,,5
,,5
,,5
,,5
,,5
,,5
,,5
,,5
,,5
,,5
,,6
,,6
,,6
,,6
,,6
,,6
,,6
,,6
,,6
,,6
,,6
,,6
,,6
,,6
,,6
,,6
,,6
,,6
,,6
,,6
,,6
,,6
,,6
,,6
,,6
,,6
,,6
,,6
,,6
,,6
,,6
,,6
,,6
,,6
,,6
,,6
,,6
,,6
,,6
,,6
,,6
,,6
,,6
,,6
,,6
,,6
,,6
,,6
,,6
,,6
,,6
,,6
,,6
,,6
,,6
,,6
,,6
,,6
,,6
,,6
,,6
,,6
,,6
,,6
,,6
,,6
,,6
,,6
,,6
,,7
,,7
,,7
,,7
,,7
,,7
,,7
,,7
,,7
,,7
,,7
,,7
,,7
,,7
,,7
,,7
,,7
,,7
,,7
,,7
,,7
,,7
,,7
,,7
,,7
,,7
,,7
,,7
,,7
,,7
,,7
,,7
,,7
,,7
,,7
,,7
,,7
,,7
,,7
,,7
,,7
,,7
,,7
,,7
,,7
,,7
,,7
,,7
,,7
,,7
,,7
,,7
,,7
,,7
,,7
,,7
,,7
,,7
,,7
,,7
,,7
,,7
,,7
,,7
,,7
,,8
,,8
,,8
,,8
,,8
,,8
,,8
,,8
,,8
,,8
,,8
,,8
,,8
,,8
,,8
,,8
,,8
,,8
,,8
,,8
,,8
,,8
,,8
,,8
,,8
,,8
,,8
,,8
,,8
,,8
,,8
,,8
,,8
,,8
,,8
,,8
,,8
,,8
,,8
,,8
,,8
,,8
,,8
,,8
,,8
,,8
,,8
,,8
,,8
,,8
,,8
,,8
,,8
,,8
,,8
,,8
,,8
,,8
,,8
,,8
,,8
,,8
,,8
,,8
,,8
,,8
,,8
,,8
,,8
,,8
,,8
,,9
,,9
,,9
,,9
,,9
,,9
,,9
,,9
,,9
,,9
,,9
,,9
,,9
,,9
,,9
,,9
,,9
,,9
,,9
,,9
,,9
,,9
,,9
,,9
,,9
,,9
,,9
,,9
,,9
,,9
,,9
,,9
,,9
,,9
,,9
,,9
,,9
,,9
,,9
,,9
,,9
,,9
,,9
,,9
,,9
,,9
,,9
,,9
,,9
,,9
,,9
,,10
,,10
,,10
,,10
,,10
,,10
,,10
,,10
,,10
,,10
,,10
,,10
,,10
,,10
,,10
,,10
,,10
,,10
,,10
,,10
,,10
,,10
,,10
,,10
,,10
,,10
,,10
,,10
,,10
,,10
,,10
,,10
,,10
,,10
,,10
,,10
,,10
,,10
,,10
,,10
,,10
,,10
,,10
,,10
,,10
,,10
,,10
,,10
,,10
,,10
,,10
,,10
,,10
,,10
,,10
,,10
,,10
,,10
,,10
,,10
,,10
,,10
,,10
,,11
,,11
,,11
,,11
,,11
,,11
,,11
,,11
,,11
,,11
,,11
,,11
,,11
,,11
,,11
,,11
,,11
,,11
,,11
,,11
,,11
,,11
,,11
,,11
,,11
,,11
,,11
,,11
,,11
,,11
,,11
,,12
,,12
,,12
,,12
,,12
,,12
,,12
,,12
,,12
,,12
,,12
,,12
,,12
,,12
,,12
,,12
,,12
,,12
,,12
,,12
,,12
,,12
,,12
,,12
,,12
,,12
,,12
,,12
,,12
,,12
,,12
,,12
,,12
,,12
,,12
,,12
,,12
,,12
,,12
,,13
,,13
,,13
,,13
,,13
,,13
,,13
,,13
,,13
,,13
,,13
,,13
,,13
,,13
,,13
,,13
,,13
,,13
,,13
,,13
,,13
,,13
,,13
,,13
,,13
,,13
,,13
,,14
,,14
,,14
,,14
,,14
,,14
,,14
,,14
,,14
,,14
,,14
,,14
,,14
,,14
,,14
,,14
,,14
,,14
,,14
,,14
,,14
,,14
,,14
,,14
,,14
,,14
,,14
,,14
,,15
,,15
,,15
,,15
,,15
,,15
,,15
,,15
,,15
,,15
,,15
,,15
,,15
,,15
,,15
,,15
,,15
,,15
,,15
,,15
,,15
,,15
,,15
,,15
,,15
,,15
,,15
,,15
,,15
,,15
,,16
,,16
,,16
,,16
,,16
,,16
,,16
,,16
,,16
,,16
,,16
,,16
,,16
,,16
,,16
,,16
,,16
,,16
,,16
,,16
,,16
,,16
,,16
,,16
,,16
,,16
,,17
,,17
,,17
,,17
,,17
,,17
,,17
,,17
,,17
,,17
,,17
,,17
,,17
,,17
,,17
,,17
,,17
,,17
,,17
,,17
,,17
,,17
,,17
,,17
,,17
,,17
,,18
,,18
,,18
,,18
,,18
,,18
,,18
,,18
,,18
,,18
,,18
,,18
,,18
,,18
,,18
,,18
,,18
,,18
,,18
,,18
,,18
,,18
,,18
,,18
,,18
,,18
,,18
,,18
,,18
,,18
,,18
,,18
,,19
,,19
,,19
,,19
,,19
,,19
,,19
,,19
,,19
,,19
,,19
,,19
,,19
,,19
,,19
,,19
,,19
,,19
,,19
,,19
,,19
,,19
,,19
,,19
,,19
,,19
,,20
,,20
,,20
,,20
,,20
,,20
,,20
,,20
,,20
,,20
,,20
,,20
,,20
,,20
,,20
,,20
,,20
,,20
,,20
,,20
,,20
,,20
,,20
,,20
,,20
,,20
,,20
,,20
,,20
,,20
,,21
,,21
,,21
,,21
,,21
,,21
,,21
,,21
,,21
,,21
,,21
,,21
,,21
,,21
,,21
,,21
,,21
,,21
,,21
,,22
,,22
,,22
,,22
,,22
,,22
,,22
,,22
,,22
,,22
,,22
,,22
,,22
,,22
,,22
,,22
,,22
,,22
,,22
,,22
,,22
,,23
,,23
,,23
,,23
,,23
,,23
,,23
,,23
,,23
,,23
,,23
,,23
,,23
,,23
,,23
,,23
,,23
,,23
,,23
,,23
,,23
,,23
,,23
,,23
,,23
,,23
,,24
,,24
,,24
,,24
,,24
,,24
,,24
,,24
,,24
,,24
,,24
,,24
,,24
,,24
,,24
,,24
,,24
,,24
,,24
,,24
,,24
,,24
,,24
,,24
,,24
,,24
,,25
,,25
,,25
,,25
,,25
,,25
,,25
,,25
,,25
,,25
,,25
,,25
,,25
,,25
,,25
,,25
,,25
,,25
,,25
,,25
,,25
,,25
,,25
,,26
,,26
,,26
,,26
,,26
,,26
,,26
,,26
,,26
,,26
,,26
,,26
,,26
,,26
,,26
,,26
,,26
,,26
,,26
,,26
,,27
,,27
,,27
,,27
,,27
,,27
,,27
,,27
,,27
,,27
,,27
,,27
,,27
,,27
,,27
,,27
,,27
,,27
,,27
,,27
,,27
,,27
,,27
,,28
,,28
,,28
,,28
,,28
,,28
,,28
,,28
,,28
,,28
,,28
,,28
,,28
,,28
,,28
,,28
,,28
,,28
,,28
,,28
,,28
,,28
,,29
,,29
,,29
,,29
,,29
,,29
,,29
,,29
,,29
,,29
,,29
,,29
,,29
,,29
,,29
,,29
,,29
,,29
,,29
,,29
,,29
,,29
,,29
,,29
,,30
,,30
,,30
,,30
,,30
,,30
,,30
,,30
,,30
,,30
,,30
,,30
,,30
,,30
,,30
,,30
,,31
,,31
,,31
,,31
,,31
,,31
,,31
,,31
,,31
,,31
,,31
,,31
,,31
,,31
,,31
,,31
,,31
,,31
,,31
,,31
,,31
,,31
,,31
,,31
,,31
,,31
,,32
,,32
,,32
,,32
,,32
,,32
,,32
,,32
,,32
,,32
,,32
,,32
,,32
,,32
,,32
,,32
,,32
,,32
,,32
,,32
,,32
,,33
,,33
,,33
,,33
,,33
,,33
,,33
,,33
,,33
,,33
,,33
,,33
,,34
,,34
,,34
,,34
,,34
,,34
,,34
,,34
,,34
,,34
,,34
,,34
,,34
,,34
,,34
,,34
,,34
,,34
,,34
,,34
,,34
,,35
,,35
,,35
,,35
,,35
,,35
,,35
,,35
,,35
,,35
,,35
,,35
,,35
,,35
,,35
,,35
,,35
,,35
,,35
,,36
,,36
,,36
,,36
,,36
,,36
,,36
,,36
,,36
,,36
,,36
,,36
,,36
,,36
,,37
,,37
,,37
,,37
,,37
,,37
,,37
,,37
,,37
,,37
,,37
,,37
,,37
,,37
,,37
,,37
,,38
,,38
,,38
,,38
,,38
,,38
,,38
,,38
,,38
,,38
,,38
,,38
,,38
,,38
,,38
,,38
,,38
,,38
,,39
,,39
,,39
,,39
,,39
,,39
,,39
,,39
,,39
,,40
,,40
,,40
,,40
,,40
,,40
,,40
,,40
,,40
,,40
,,40
,,40
,,40
,,40
,,40
,,40
,,40
,,40
,,40
,,40
,,40
,,40
,,41
,,41
,,41
,,41
,,41
,,41
,,41
,,41
,,41
,,41
,,41
,,41
,,41
,,41
,,41
,,41
,,41
,,41
,,42
,,42
,,42
,,42
,,42
,,42
,,42
,,42
,,42
,,42
,,42
,,42
,,42
,,42
,,42
,,43
,,43
,,43
,,43
,,43
,,43
,,43
,,43
,,43
,,43
,,43
,,43
,,43
,,44
,,44
,,44
,,44
,,44
,,45
,,45
,,45
,,45
,,45
,,45
,,45
,,45
,,45
,,45
,,45
,,46
,,46
,,46
,,46
,,46
,,46
,,46
,,46
,,46
,,47
,,47
,,47
,,47
,,47
,,47
,,47
,,47
,,47
,,47
,,47
,,48
,,48
,,48
,,48
,,48
,,48
,,48
,,48
,,48
,,48
,,48
,,48
,,48
,,49
,,49
,,49
,,49
,,49
,,49
,,49
,,49
,,50
,,50
,,50
,,51
,,51
,,51
,,51
,,51
,,51
,,51
,,52
,,52
,,52
,,52
,,52
,,52
,,52
,,52
,,52
,,52
,,52
,,53
,,53
,,53
,,53
,,53
,,53
,,53
,,54
,,54
,,54
,,54
,,55
,,55
,,55
,,55
,,55
,,55
,,55
,,55
,,55
,,55
,,56
,,56
,,56
,,56
,,56
,,56
,,57
,,57
,,57
,,57
,,57
,,57
,,57
,,57
,,57
,,58
,,58
,,58
,,58
,,58
,,58
,,59
,,59
,,59
,,59
,,59
,,59
,,59
,,59
,,59
,,60
,,60
,,60
,,60
,,60
,,60
,,60
,,60
,,61
,,61
,,61
,,61
,,61
,,61
,,61
,,61
,,61
,,61
,,62
,,62
,,62
,,62
,,62
,,62
,,62
,,63
,,63
,,63
,,63
,,63
,,63
,,63
,,64
,,64
,,64
,,64
,,64
,,65
,,65
,,65
,,65
,,65
,,65
,,65
,,65
,,65
,,65
,,66
,,66
,,67
,,67
,,67
,,67
,,67
,,67
,,67
,,67
,,67
,,67
,,67
,,68
,,68
,,69
,,69
,,69
,,69
,,70
,,70
,,70
,,70
,,71
,,71
,,71
,,71
,,71
,,71
,,71
,,71
,,71
,,72
,,72
,,72
,,72
,,72
,,72
,,72
,,73
,,73
,,73
,,73
,,73
,,74
,,74
,,74
,,74
,,75
,,75
,,75
,,75
,,75
,,76
,,76
,,76
,,76
,,77
,,77
,,77
,,77
,,78
,,78
,,78
,,78
,,78
,,79
,,79
,,79
,,79
,,79
,,80
,,80
,,80
,,80
,,81
,,81
,,81
,,81
,,81
,,82
,,82
,,82
,,82
,,83
,,83
,,83
,,83
,,83
,,83
,,84
,,84
,,84
,,84
,,84
,,84
,,85
,,85
,,85
,,86
,,87
,,87
,,87
,,87
,,87
,,88
,,88
,,88
,,88
,,88
,,88
,,88
,,89
,,89
,,89
,,89
,,90
,,90
,,90
,,91
,,91
,,92
,,92
,,93
,,94
,,95
,,95
,,97
,,97
,,97
,,97
,,98
,,98
,,98
,,98
,,99
,,99
,,99
,,99
,,99
,,99
,,100
,,100
,,101
,,102
,,103
,,103
,,105
,,105
,,105
,,106
,,106
,,106
,,106
,,107
,,107
,,107
,,107
,,108
,,108
,,108
,,108
,,108
,,109
,,109
,,110
,,110
,,111
,,112
,,112
,,113
,,113
,,114
,,114
,,114
,,114
,,114
,,114
,,115
,,115
,,115
,,115
,,115
,,116
,,116
,,116
,,116
,,116
,,117
,,117
,,117
,,117
,,118
,,118
,,119
,,119
,,120
,,120
,,121
,,122
,,122
,,123
,,123
,,123
,,123
,,123
,,123
,,123
,,124
,,124
,,125
,,125
,,126
,,126
,,127
,,127
,,128
,,129
,,129
,,129
,,131
,,131
,,131
,,131
,,132
,,132
,,132
,,132
,,133
,,133
,,134
,,134
,,135
,,135
,,135
,,138
,,138
,,138
,,139
,,139
,,139
,,140
,,140
,,141
,,142
,,142
,,143
,,143
,,145
,,147
,,149
,,149
,,149
,,149
,,149
,,152
,,152
,,153
,,153
,,153
,,154
,,154
,,154
,,154
,,154
,,155
,,155
,,156
,,157
,,157
,,157
,,158
,,158
,,159
,,160
,,160
,,160
,,161
,,161
,,162
,,162
,,163
,,164
,,164
,,164
,,165
,,166
,,166
,,167
,,168
,,168
,,168
,,169
,,170
,,171
,,173
,,174
,,174
,,175
,,176
,,176
,,177
,,177
,,178
,,178
,,179
,,179
,,179
,,180
,,180
,,182
,,182
,,182
,,183
,,186
,,187
,,189
,,189
,,190
,,191
,,192
,,193
,,193
,,194
,,194
,,194
,,195
,,195
,,197
,,197
,,198
,,198
,,199
,,201
,,202
,,203
,,203
,,204
,,205
,,209
,,213
,,213
,,215
,,215
,,216
,,217
,,217
,,219
,,219
,,220
,,221
,,221
,,223
,,223
,,226
,,227
,,231
,,232
,,236
,,243
,,248
,,249
,,249
,,250
,,251
,,251
,,251
,,252
,,253
,,255
,,255
,,258
,,258
,,261
,,262
,,263
,,265
,,267
,,268
,,268
,,269
,,270
,,275
,,275
,,276
,,278
,,279
,,279
,,282
,,289
,,290
,,291
,,295
,,296
,,298
,,306
,,307
,,309
,,312
,,314
,,316
,,316
,,316
,,316
,,319
,,326
,,326
,,336
,,340
,,342
,,343
,,343
,,344
,,344
,,346
,,347
,,349
,,350
,,354
,,359
,,361
,,364
,,365
,,367
,,373
,,377
,,386
,,387
,,391
,,392
,,394
,,394
,,406
,,408
,,410
,,416
,,427
,,427
,,433
,,450
,,453
,,456
,,471
,,471
,,472
,,474
,,474
,,478
,,480
,,482
,,486
,,492
,,496
,,497
,,504
,,504
,,507
,,511
,,512
,,512
,,515
,,520
,,522
,,530
,,546
,,562
,,565
,,567
,,583
,,584
,,592
,,592
,,622
,,661
,,705
,,711
,,714
,,724
,,727
,,750
,,752
,,758
,,763
,,765
,,817
,,822
,,822
,,836
,,849
,,885
,,889
,,891
,,897
,,918
,,919
,,923
,,987
,,990
,,1003
,,1045
,,1159
,,1238
,,1245
,,1260
,,1302
,,1320
,,1350
,,1447
,,1584
,,1623
,,1639
,,1697
,,1710
,,2116
,,2232
,,2267
,,2667
,,15796
